developer,project,lender,date,status,account
1500,22,1502,2/29/2020,delivered,UR9406314-I1C4
1500,22,1502,3/16/2020,failed,XG8669201-V6X6
1500,9,1502,4/11/2020,delivered,PO5224380-Q4Z3
1500,15,1502,3/4/2020,delivered,HN1471810-L0D7
1500,15,1502,2/8/2020,delivered,KP3341299-X5G2
1500,22,1502,1/4/2020,delivered,YH8398705-E2P8
1500,15,1502,1/27/2020,delivered,WM4542388-F1N4
1500,15,1502,1/18/2020,delivered,XP3511310-I3V6
1500,15,1502,1/2/2020,delivered,VV6189884-T0B6
1500,9,1502,3/13/2020,delivered,RS5723413-C0B2
1500,15,1502,4/22/2020,delivered,EF4165170-V3D1
1500,15,1502,4/8/2020,bounce,JC4534526-K8W7
1500,22,1502,4/18/2020,delivered,KJ7143067-H8O4
1500,15,1502,3/28/2020,delivered,AU8290275-O7H3
1500,15,1502,4/20/2020,delivered,FR2751736-E9F8
1500,15,1502,3/22/2020,delivered,PD9974576-Z3M8
1500,9,1502,3/10/2020,delivered,LD9347809-O5Q4
1500,15,1502,2/7/2020,delivered,QA6140599-Y5J9
1500,9,1502,4/18/2020,delivered,FE3385805-N5Z9
1500,22,1502,4/10/2020,bounce,SN6154775-G2B6
1500,22,1502,4/10/2020,delivered,ZE4331730-C0H0
1500,22,1502,4/21/2020,delivered,JO2228777-X2U7
1500,22,1502,1/7/2020,delivered,IA4221780-R5L0
1500,9,1502,4/5/2020,delivered,QF5840387-F4H5
1500,9,1502,3/4/2020,bounce,UJ6864002-U6U9
1500,15,1502,2/9/2020,delivered,XB6661017-Z0W5
1500,22,1502,2/5/2020,delivered,VI0701294-A9Z8
1500,15,1502,1/31/2020,delivered,YX5344664-D0C8
1500,15,1502,3/24/2020,delivered,NO8558557-M6H7
1500,15,1502,4/16/2020,bounce,MC5028664-C3S1
1500,15,1502,4/4/2020,delivered,GU3652135-S1T6
1500,9,1502,1/21/2020,delivered,KQ2720135-B8H7
1500,15,1502,1/4/2020,delivered,YZ2254788-T9Q3
1500,9,1502,3/12/2020,delivered,VR5793922-P1F8
1500,15,1502,1/10/2020,delivered,LY4623761-R5G8
1500,15,1502,4/17/2020,delivered,BW8990233-I7I1
1500,22,1502,2/20/2020,delivered,HY5375753-C3S8
1500,22,1502,3/18/2020,delivered,RX8883985-F1B1
1500,9,1502,4/10/2020,delivered,ES3757716-N8U1
1500,9,1502,3/22/2020,delivered,PO1843891-K3A3
1500,15,1502,2/9/2020,delivered,KJ6554094-M2F2
1500,15,1502,2/18/2020,delivered,VE6415559-Z8A8
1500,15,1502,3/2/2020,bounce,LN9114921-F3B4
1500,9,1502,2/23/2020,delivered,AK8048197-F3Y8
1500,15,1502,4/16/2020,delivered,CW4120901-L9H3
1500,22,1502,1/21/2020,failed,BW5040955-A0G6
1500,9,1502,2/16/2020,bounce,LE8503811-B3M4
1500,22,1502,1/1/2020,delivered,QQ2039725-V6L0
1500,22,1502,1/30/2020,bounce,VC0014262-R2Z5
1500,22,1502,1/29/2020,delivered,XK3574544-X6T3
1500,15,1502,3/7/2020,delivered,LU1290126-D0W5
1500,22,1502,1/14/2020,delivered,AV2213262-Z4C8
1500,15,1502,4/14/2020,delivered,LM5723597-Q9O5
1500,22,1502,1/28/2020,delivered,QK7330290-W4N5
1500,15,1502,3/17/2020,delivered,WF8252050-L9R7
1500,9,1502,2/27/2020,failed,JI0702194-C2Z6
1500,9,1502,1/29/2020,delivered,FJ9302814-N2Q7
1500,9,1502,4/10/2020,bounce,WC5285804-I5Q1
1500,9,1502,4/3/2020,delivered,CO1990605-G6T7
1500,15,1502,2/14/2020,delivered,YS0240235-X5M5
1500,9,1502,3/24/2020,delivered,YL6007213-G0E7
1500,15,1502,2/3/2020,delivered,IR6730652-L2U9
1500,22,1502,1/23/2020,delivered,XV1006745-D7L7
1500,9,1502,3/4/2020,delivered,SG3761171-O9U4
1500,22,1502,4/20/2020,delivered,ZV8899324-V3R3
1500,9,1502,3/8/2020,delivered,SX4593091-B2S8
1500,9,1502,2/23/2020,delivered,PN0415087-T8Z7
1500,22,1502,1/31/2020,failed,UE6102017-Y7H9
1500,15,1502,1/12/2020,delivered,UY0410949-V3G2
1500,9,1502,2/18/2020,delivered,DK6349611-E4V3
1500,22,1502,2/14/2020,bounce,ZB8663710-Z0V0
1500,9,1502,4/9/2020,delivered,FN5169200-Q5N3
1500,9,1502,1/17/2020,delivered,DO3819202-H1T3
1500,22,1502,4/7/2020,delivered,IK9995272-N0F5
1500,22,1502,4/4/2020,delivered,HK5224325-D2O4
1500,9,1502,2/10/2020,delivered,UQ1266791-G3O4
1500,15,1502,4/3/2020,delivered,OE5034434-U9X6
1500,15,1502,2/17/2020,delivered,GY7914579-S7N2
1500,9,1502,1/2/2020,delivered,DI4148718-H3F0
1500,9,1502,4/6/2020,delivered,NE6506540-O5R7
1500,9,1502,2/11/2020,delivered,ND7155594-W5Z9
1500,15,1502,1/13/2020,bounce,RM0049361-A2Q0
1500,9,1502,4/6/2020,bounce,BO9430973-F9E1
1500,9,1502,1/15/2020,failed,JW7725079-W7O3
1500,9,1502,3/27/2020,delivered,UT0215704-U4K5
1500,22,1502,2/1/2020,delivered,QG7733560-R9W5
1500,22,1502,4/1/2020,delivered,LE8517341-D9V9
1500,15,1502,4/21/2020,delivered,II7584553-P3M6
1500,15,1502,1/11/2020,delivered,QO4542531-U1T2
1500,22,1502,3/3/2020,delivered,BE3405410-L4H6
1500,9,1502,3/16/2020,failed,BE7865479-W1B2
1500,15,1502,2/1/2020,delivered,NP2715124-X7J3
1500,15,1502,2/26/2020,delivered,UW3782272-W5K0
1500,22,1502,4/22/2020,delivered,DT7673468-E6I4
1500,22,1502,2/21/2020,delivered,HW8762846-C1Q6
1500,15,1502,3/6/2020,delivered,TJ5026682-A3L7
1500,15,1502,3/5/2020,delivered,QF9399638-W7Z4
1500,9,1502,2/29/2020,delivered,GJ7161118-S6D0
1500,9,1502,1/27/2020,bounce,JI8561220-Y2T3
1500,15,1502,1/7/2020,bounce,ZF6938636-W8Y2
1500,15,1502,4/3/2020,delivered,XQ0224743-S7H6
1500,15,1502,3/9/2020,delivered,HB9196278-Q6F2
1500,22,1502,2/13/2020,delivered,MZ8102360-Y0E8
1500,22,1502,2/25/2020,delivered,IY8644986-X4J0
1500,22,1502,4/13/2020,delivered,SC7144184-Q6H9
1500,22,1502,3/23/2020,bounce,IA8747231-Y8K3
1500,15,1502,1/26/2020,delivered,OZ0411921-B0G8
1500,9,1502,1/2/2020,delivered,FS2859958-T6Q7
1500,22,1502,1/21/2020,delivered,KO2960024-G7Y5
1500,15,1502,1/28/2020,delivered,EM0223559-B3O9
1500,9,1502,3/14/2020,delivered,IL2585077-N1X2
1500,15,1502,3/30/2020,delivered,HA2585119-L0G5
1500,9,1502,4/2/2020,delivered,QP0872479-W9C7
1500,22,1502,4/18/2020,delivered,YE3932093-V9S0
1500,15,1502,4/12/2020,delivered,CV1022707-F8T3
1500,22,1502,1/9/2020,bounce,GI2611091-J4Z9
1500,9,1502,1/17/2020,delivered,QS9955048-T5W7
1500,9,1502,2/18/2020,bounce,GP1929521-E1D4
1500,22,1502,4/11/2020,delivered,AG4893743-R4I1
1500,15,1502,1/19/2020,delivered,YD2773913-K6V1
1500,9,1502,2/28/2020,delivered,JA6677800-W9O2
1500,9,1502,1/7/2020,delivered,TD8546740-I8F8
1500,9,1502,2/13/2020,delivered,FL8132112-W4R4
1500,9,1502,1/30/2020,delivered,VK2123015-N0H1
1500,15,1502,4/10/2020,delivered,KA5091943-T1K1
1500,9,1502,4/8/2020,delivered,ND9882507-L4Q6
1500,15,1502,3/11/2020,delivered,MI3372935-V4K8
1500,22,1502,2/27/2020,delivered,AT5054852-L7Q1
1500,15,1502,4/22/2020,delivered,PV7090837-W2I9
1500,9,1502,3/21/2020,delivered,QS1061431-F6Z7
1500,15,1502,1/6/2020,delivered,RW1265340-K3E1
1500,9,1502,1/28/2020,delivered,UA0886010-G0S0
1500,15,1502,2/20/2020,delivered,JT8816320-U7W5
1500,22,1502,4/5/2020,delivered,FB3346040-L8R6
1500,9,1502,4/9/2020,delivered,ZS7516700-X1L1
1500,22,1502,4/11/2020,delivered,HX4371375-H8D3
1500,22,1502,2/6/2020,delivered,NP0719745-F4Z2
1500,15,1502,1/20/2020,failed,SK1533895-A7N7
1500,22,1502,2/5/2020,delivered,PE8487103-T2X8
1500,22,1502,2/13/2020,delivered,JK2756599-L3U9
1500,9,1502,3/12/2020,delivered,RI7215187-B2L4
1500,15,1502,4/17/2020,delivered,UP3224364-C4B2
1500,22,1502,3/11/2020,delivered,CF1113002-Z7M5
1500,9,1502,4/9/2020,delivered,FX7135807-A0V6
1500,15,1502,1/13/2020,delivered,XO8467370-Y6I9
1500,9,1502,1/24/2020,delivered,RO0901667-U8M0
1500,9,1502,1/31/2020,delivered,WW2376576-Q8K6
1500,22,1502,1/14/2020,delivered,YA6900135-L1Y1
1500,15,1502,3/27/2020,bounce,UY0576118-D6I8
1500,22,1502,3/23/2020,delivered,XK6972154-T0L6
1500,22,1502,4/18/2020,delivered,WF7427984-B9L4
1500,15,1502,3/12/2020,delivered,AS6448766-F2W6
1500,9,1502,3/25/2020,delivered,QX2397282-H5G4
1500,22,1502,1/4/2020,delivered,GB9559019-N2O1
1500,22,1502,2/27/2020,delivered,TS9781573-A7T4
1500,15,1502,4/10/2020,delivered,OF9057078-D7K6
1500,15,1502,2/17/2020,delivered,DP0658531-N5A4
1500,22,1502,4/11/2020,delivered,MI0318745-T4F6
1500,22,1502,4/13/2020,delivered,XQ4069113-W3A8
1500,9,1502,3/18/2020,delivered,IH8374065-B3E5
1500,9,1502,3/28/2020,delivered,CT5903004-F6N7
1500,22,1502,2/12/2020,delivered,UP1672407-A5P2
1500,22,1502,4/10/2020,bounce,TM1879479-E6L0
1500,22,1502,4/19/2020,failed,BJ7883164-S9W5
1500,15,1502,4/20/2020,delivered,BQ7043133-G6Z4
1500,9,1502,3/2/2020,bounce,SH0639367-L1Z1
1500,15,1502,2/14/2020,delivered,PZ0283669-K1T2
1500,15,1502,1/1/2020,delivered,DZ1539920-Q1I9
1500,15,1502,2/19/2020,delivered,OM8162850-L1L4
1500,9,1502,2/26/2020,delivered,KZ4475378-R0D4
1500,22,1502,2/26/2020,delivered,KJ4280055-K1W0
1500,9,1502,3/28/2020,delivered,RG5690439-V0N0
1500,9,1502,3/7/2020,delivered,OA3857461-A2Y9
1500,9,1502,3/15/2020,delivered,YT5505209-Q6F3
1500,9,1502,2/9/2020,delivered,BB9590094-Z6A6
1500,15,1502,4/2/2020,delivered,HB4247860-F7X6
1500,15,1502,2/15/2020,delivered,RS4790088-Z3G5
1500,22,1502,2/22/2020,delivered,GJ9114865-M6Y4
1500,15,1502,2/28/2020,delivered,TR9816734-S1H6
1500,9,1502,2/28/2020,delivered,DS6502177-R2H0
1500,9,1502,1/31/2020,delivered,OS5035923-M3I6
1500,22,1502,1/26/2020,delivered,BN8966574-V2K5
1500,15,1502,1/28/2020,delivered,VC0127519-S2R6
1500,22,1502,2/27/2020,delivered,JZ1189996-H1C1
1500,15,1502,4/8/2020,delivered,KV0265512-G4B5
1500,9,1502,3/22/2020,delivered,IE7497842-S9Q1
1500,9,1502,3/25/2020,delivered,GW3750158-T0F5
1500,15,1502,3/18/2020,delivered,LD2100713-J9C7
1500,22,1502,3/17/2020,delivered,VU0419646-F1N5
1500,9,1502,2/25/2020,delivered,DO5677374-Z5F7
1500,15,1502,2/26/2020,delivered,TV0145255-B6J8
1500,22,1502,2/6/2020,delivered,GK2351984-M6D9
1500,22,1502,4/12/2020,delivered,ZS5124363-M3L1
1500,15,1502,4/13/2020,delivered,GE3471515-U1K8
1500,22,1502,2/12/2020,bounce,WE8178405-J0V6
1500,9,1502,2/18/2020,delivered,LT0677374-N4M8
1500,9,1502,3/30/2020,delivered,KX3213038-W8H3
1500,22,1502,2/1/2020,delivered,NI5230618-R3R1
1500,15,1502,2/26/2020,delivered,EW0953502-F1N5
1500,22,1502,3/9/2020,delivered,PA7666399-A7V8
1500,22,1502,3/31/2020,failed,JK2563345-X3O4
1500,9,1502,2/8/2020,delivered,AI7581195-J1L0
1500,15,1502,4/9/2020,delivered,ZK9271962-R6T1
1500,9,1502,1/25/2020,delivered,BE0796170-X2X0
1500,22,1502,2/22/2020,delivered,KX8686740-O8R4
1500,22,1502,3/25/2020,delivered,QO2813721-G4A3
1500,22,1502,3/11/2020,delivered,IZ3831806-A1S1
1500,15,1502,3/7/2020,delivered,WI2607895-Y0V3
1500,9,1502,4/18/2020,bounce,JO6891312-Z6Q0
1500,15,1502,3/13/2020,delivered,BO2848949-Q5S3
1500,15,1502,1/6/2020,delivered,UZ4355125-X6U3
1500,15,1502,2/14/2020,delivered,TX8229684-X4T5
1500,15,1502,1/20/2020,delivered,YH3655299-B9T7
1500,9,1502,1/11/2020,delivered,OS8263413-L4L9
1500,22,1502,1/1/2020,delivered,OX9066021-O6N9
1500,9,1502,3/18/2020,delivered,WH3967093-P5S9
1500,22,1502,2/7/2020,delivered,HC2883942-Z4C6
1500,22,1502,2/16/2020,delivered,LB9639204-Y2E4
1500,22,1502,4/7/2020,delivered,GE2872085-R5V0
1500,9,1502,3/31/2020,failed,CJ4988685-U9T4
1500,22,1502,3/18/2020,delivered,CD2084016-V0A7
1500,15,1502,1/13/2020,delivered,FU0077769-E7I7
1500,22,1502,4/2/2020,delivered,PE1508687-J5J7
1500,22,1502,2/16/2020,delivered,OB8898927-M7K9
1500,22,1502,3/10/2020,delivered,OL1476928-X3C4
1500,22,1502,3/19/2020,delivered,EM0457646-Z9C9
1500,15,1502,4/14/2020,delivered,RX5414658-E3K9
1500,15,1502,3/2/2020,delivered,XC2659589-T5W8
1500,15,1502,3/7/2020,failed,ME8101529-L7I7
1500,9,1502,4/14/2020,delivered,HM3124412-C7I8
1500,22,1502,3/2/2020,failed,MT5898911-G8Q7
1500,22,1502,3/1/2020,delivered,BT9552129-M7P9
1500,22,1502,1/20/2020,delivered,IR2550452-T8P1
1500,22,1502,4/20/2020,delivered,AE9926361-P6C8
1500,9,1502,3/2/2020,delivered,BO3733844-P3Q9
1500,15,1502,2/29/2020,delivered,LO5753557-A2V2
1500,9,1502,1/7/2020,delivered,BA3713863-S5W0
1500,22,1502,2/18/2020,delivered,NB3555745-J8U5
1500,22,1502,1/14/2020,delivered,GF1596211-D4H6
1500,9,1502,1/10/2020,delivered,IY4410348-G8V8
1500,22,1502,2/14/2020,delivered,OR8041241-Q6T6
1500,22,1502,2/9/2020,delivered,SU2211768-M1M2
1500,22,1502,1/3/2020,delivered,JP0894475-K3C7
1500,9,1502,1/21/2020,delivered,SM1140018-V2N2
1500,15,1502,4/14/2020,failed,CX4924097-R8S4
1500,9,1502,3/5/2020,delivered,YR4687251-K4W7
1500,15,1502,1/4/2020,delivered,NI6381621-H1N8
1500,22,1502,1/25/2020,delivered,WA8680912-I3A8
1500,22,1502,4/2/2020,bounce,YR2960992-M6X5
1500,22,1502,1/30/2020,delivered,FV6664125-R3E2
1500,9,1502,1/21/2020,delivered,ZM8650635-I4P7
1500,15,1502,2/28/2020,delivered,NA7865191-N8J4
1500,9,1502,3/9/2020,delivered,RA2892691-Q6A1
1500,15,1502,4/1/2020,delivered,VK0598616-D6D9
1500,22,1502,3/21/2020,delivered,FZ1647734-L7U9
1500,15,1502,1/14/2020,delivered,IR0531585-Q5N2
1500,22,1502,2/17/2020,delivered,TA3855755-S6M5
1500,9,1502,3/26/2020,delivered,YQ2443328-O3C7
1500,9,1502,3/29/2020,delivered,LR1564577-R1Y5
1500,15,1502,2/18/2020,bounce,RA7531039-F0Z6
1500,15,1502,3/19/2020,delivered,OG1585780-F5B2
1500,9,1502,1/1/2020,delivered,EA1867085-S5A6
1500,9,1502,3/22/2020,delivered,OU6783793-L0R6
1500,22,1502,4/19/2020,delivered,XP8370351-X0Y2
1500,22,1502,4/2/2020,delivered,HC4442680-X2H0
1500,15,1502,4/17/2020,delivered,EL3393136-H0F4
1500,22,1502,1/1/2020,delivered,DM8273732-T6R7
1500,9,1502,3/27/2020,delivered,WX4113251-X7Z8
1500,9,1502,3/3/2020,delivered,HD7624142-F9L4
1500,9,1502,3/1/2020,delivered,NN5155066-B6N6
1500,15,1502,3/11/2020,bounce,HF1287509-H7G5
1500,15,1502,1/11/2020,delivered,NR0210725-W4R1
1500,22,1502,4/1/2020,delivered,GT5156345-E1I3
1500,15,1502,3/12/2020,delivered,CL0784697-U4C7
1500,15,1502,2/27/2020,delivered,DD2052148-J9I5
1500,22,1502,2/9/2020,delivered,FI0627798-X0Z1
1500,15,1502,3/25/2020,delivered,ZL4692845-Y0B1
1500,9,1502,3/19/2020,delivered,CH4100310-N4Z2
1500,22,1502,2/29/2020,delivered,VD5033630-Y4V5
1500,22,1502,3/4/2020,delivered,PS6498994-Z8Y6
1500,15,1502,1/14/2020,delivered,XH8361102-P0O1
1500,15,1502,2/5/2020,delivered,IQ0510200-E1V4
1500,15,1502,4/17/2020,delivered,JY8423054-B3P3
1500,9,1502,1/26/2020,bounce,WV8152555-S6O3
1500,9,1502,4/2/2020,delivered,SD6521712-R9P4
1500,9,1502,1/19/2020,failed,NE0321980-P9Q0
1500,9,1502,3/12/2020,delivered,ZZ2805536-C2Y5
1500,15,1502,4/17/2020,bounce,ZA6377506-U8Q8
1500,22,1502,2/12/2020,delivered,OE7486928-X8K8
1500,9,1502,1/18/2020,delivered,UU3917770-N6K3
1500,15,1502,1/16/2020,delivered,IW5243501-P0B5
1500,22,1502,1/18/2020,delivered,ZO0386687-M6Y8
1500,22,1502,1/24/2020,delivered,MC8388116-M5I7
1500,15,1502,4/7/2020,delivered,MT2066726-F0B1
1500,9,1502,1/5/2020,delivered,YV6743823-E6D8
1500,15,1502,1/24/2020,delivered,IP9206043-P2H5
1500,9,1502,2/12/2020,delivered,DC8278258-Z0R9
1500,9,1502,1/17/2020,delivered,AH3620424-C5C4
1500,9,1502,3/12/2020,delivered,KN6802165-S1Q8
1500,9,1502,1/10/2020,delivered,DD1373922-G9N9
1500,15,1502,3/18/2020,delivered,EQ1203159-F7U0
1500,22,1502,2/23/2020,delivered,BW5212428-R4Y1
1500,22,1502,3/24/2020,delivered,FX2429025-H7Y5
1500,9,1502,1/27/2020,delivered,AU7158648-L2P3
1500,9,1502,2/5/2020,delivered,EZ5848810-L3W8
1500,9,1502,3/15/2020,delivered,EC6404641-I9N4
1500,22,1502,2/17/2020,delivered,BV2815045-U6X8
1500,22,1502,4/11/2020,delivered,TV9637239-L2Y1
1500,9,1502,4/2/2020,delivered,JM9761797-N0N6
1500,22,1502,4/14/2020,delivered,XS2874086-W6S6
1500,9,1502,1/9/2020,failed,XT7903297-Y4W5
1500,22,1502,3/9/2020,delivered,PE2778215-X6S4
1500,15,1502,1/17/2020,delivered,MI7889744-B9V4
1500,9,1502,4/10/2020,delivered,LB7154604-F5P7
1500,22,1502,1/21/2020,delivered,VF3542040-V0N4
1500,9,1502,2/24/2020,bounce,NX5138910-M0E5
1500,15,1502,3/28/2020,delivered,EW3813789-N3T5
1500,9,1502,4/15/2020,delivered,JU0845404-X6C8
1500,9,1502,1/6/2020,delivered,MJ0882700-Y1Z0
1500,15,1502,2/13/2020,bounce,SD2168520-L3T4
1500,15,1502,3/20/2020,bounce,VG9734485-K7S4
1500,15,1502,3/4/2020,delivered,FW1242725-M1D9
1500,9,1502,3/30/2020,delivered,LD3482953-W7V8
1500,15,1502,4/21/2020,delivered,AN4152901-B7L5
1500,22,1502,1/18/2020,delivered,ZV2092702-A3Y5
1500,15,1502,2/10/2020,delivered,WW8958083-A6I5
1500,15,1502,3/24/2020,delivered,HY1266274-G1L6
1500,22,1502,2/19/2020,delivered,JB2276997-L7N3
1500,9,1502,2/8/2020,delivered,DQ3961022-B5Q4
1500,22,1502,1/22/2020,delivered,MX0697867-E0Z6
1500,22,1502,4/14/2020,delivered,SO6766897-P7X0
1500,22,1502,2/29/2020,delivered,QW2109680-O9I9
1500,22,1502,4/7/2020,delivered,OK9276020-V4X5
1500,22,1502,4/16/2020,delivered,QI8191544-S0K9
1500,22,1502,1/25/2020,delivered,HC3762831-I2S5
1500,15,1502,4/10/2020,delivered,TK7568846-T7A5
1500,22,1502,3/1/2020,delivered,CP7202165-V3L1
1500,22,1502,3/22/2020,delivered,NQ9895185-P3V5
1500,9,1502,2/29/2020,delivered,HI8453759-H8B7
1500,22,1502,2/20/2020,delivered,TO6042804-Y8S9
1500,15,1502,1/15/2020,delivered,OZ1978855-R1I8
1500,15,1502,3/16/2020,delivered,AY7167992-M0S3
1500,15,1502,3/10/2020,delivered,IC8415987-U3W7
1500,9,1502,2/6/2020,delivered,CO3156821-U8I8
1500,9,1502,2/24/2020,delivered,AQ6777506-B5F1
1500,22,1502,4/21/2020,delivered,JQ8765066-P0S7
1500,22,1502,1/10/2020,delivered,BC3304539-U5Y6
1500,22,1502,2/6/2020,delivered,ZT4090709-J6Y4
1500,22,1502,1/24/2020,delivered,XE4879209-Y9S0
1500,15,1502,2/24/2020,delivered,IA1170447-L0R3
1500,15,1502,1/15/2020,delivered,CP4808218-P3Z2
1500,15,1502,4/22/2020,delivered,MP9509862-A9V0
1500,15,1502,4/18/2020,delivered,YQ5456249-M6K7
1500,22,1502,2/27/2020,delivered,DO2889278-B9D8
1500,9,1502,4/10/2020,delivered,ZO6601388-G3J9
1500,22,1502,3/6/2020,delivered,CX1272907-C8T4
1500,9,1502,2/1/2020,delivered,MB0287794-L9J0
1500,22,1502,4/6/2020,delivered,IV7078276-W0J8
1500,15,1502,3/5/2020,delivered,KY7049052-Y5F2
1500,15,1502,3/19/2020,delivered,FE4845522-G2O0
1500,9,1502,1/31/2020,bounce,ZS1045139-H4N5
1500,15,1502,1/4/2020,delivered,LY3454618-Z9W0
1500,22,1502,1/27/2020,delivered,QB4603576-M8F2
1500,15,1502,3/1/2020,delivered,JR3959518-F0R0
1500,15,1502,3/14/2020,delivered,UV1757046-T0R7
1500,15,1502,1/14/2020,delivered,VY3582889-T3Q4
1500,9,1502,4/4/2020,delivered,SG6270292-N5F4
1500,9,1502,3/22/2020,failed,TO1538334-J8Z9
1500,15,1502,3/28/2020,delivered,TD0412934-D6U4
1500,15,1502,2/25/2020,delivered,PG0532128-L7O6
1500,9,1502,3/24/2020,delivered,EM1516203-Y8W9
1500,15,1502,1/11/2020,delivered,PQ4944912-V3W0
1500,22,1502,2/5/2020,delivered,BR6895524-N7C9
1500,15,1502,1/12/2020,delivered,KW9906450-P1K9
1500,22,1502,1/16/2020,delivered,DB7166588-R3B6
1500,15,1502,2/3/2020,delivered,US7511749-U4J3
1500,15,1502,2/2/2020,delivered,KO1083705-L8Q0
1500,15,1502,3/6/2020,delivered,XZ1532701-K7S8
1500,15,1502,2/15/2020,delivered,QU6304045-G8C8
1500,9,1502,4/17/2020,delivered,TX9880881-X8V8
1500,9,1502,2/27/2020,delivered,JZ5886926-M9I1
1500,22,1502,4/12/2020,delivered,EO0599144-D6T6
1500,9,1502,2/15/2020,delivered,PB3070585-B7K5
1500,15,1502,2/11/2020,delivered,LX9843279-E1H8
1500,9,1502,1/15/2020,delivered,SX6652006-F3Y3
1500,15,1502,2/8/2020,delivered,VP0655178-G2Q6
1500,9,1502,1/11/2020,delivered,YP7652343-R9N2
1500,22,1502,1/19/2020,delivered,ZO2187732-P2Y8
1500,22,1502,4/11/2020,delivered,VL2194118-Y7Z6
1500,22,1502,3/19/2020,failed,QT0128719-I6R3
1500,9,1502,2/28/2020,delivered,UK7864330-R9A6
1500,15,1502,3/25/2020,delivered,FY6811369-W6W5
1500,22,1502,4/10/2020,delivered,YK3107259-Q7B3
1500,9,1502,1/23/2020,delivered,LS5884234-E6F8
1500,9,1502,1/16/2020,delivered,QZ5602238-I5K2
1500,15,1502,4/3/2020,delivered,GU3258740-P4L0
1500,22,1502,1/8/2020,bounce,MP8056945-M6N6
1500,15,1502,3/31/2020,delivered,IW2548980-R6D8
1500,15,1502,3/26/2020,delivered,VA8397465-K5T3
1500,9,1502,4/14/2020,delivered,OH6142606-Z4K4
1500,22,1502,1/8/2020,delivered,VQ8634281-F1P6
1500,15,1502,2/18/2020,delivered,GO8063991-P3O7
1500,15,1502,2/6/2020,delivered,EM0880830-Z1V8
1500,15,1502,1/21/2020,bounce,VC8984719-D0S2
1500,15,1502,4/6/2020,delivered,WA6375238-N3K1
1500,9,1502,1/25/2020,delivered,RZ9967486-Q0L9
1500,22,1502,1/30/2020,delivered,OB7318559-I8J2
1500,22,1502,2/19/2020,delivered,BM4418544-F0F1
1500,22,1502,1/28/2020,bounce,YL8213837-W2Q9
1500,22,1502,3/23/2020,delivered,WH2828614-R4T0
1500,9,1502,1/16/2020,delivered,BB5308599-X9Z5
1500,22,1502,1/25/2020,delivered,HK5100381-O5F7
1500,22,1502,4/8/2020,delivered,GD8666120-F0U9
1500,9,1502,3/25/2020,delivered,EC5960449-R8K4
1500,15,1502,2/9/2020,delivered,GQ6670038-S7T7
1500,15,1502,1/31/2020,failed,PX5562386-D3R6
1500,9,1502,3/24/2020,delivered,DP2994483-N8H9
1500,9,1502,1/11/2020,delivered,YM7902274-Z1D9
1500,22,1502,2/20/2020,delivered,AQ6164816-U6T2
1500,22,1502,4/9/2020,delivered,YT5731284-X7O1
1500,15,1502,3/6/2020,delivered,GT9279264-Q2U8
1500,9,1502,1/29/2020,delivered,LT3103565-E0P9
1500,22,1502,4/2/2020,delivered,EC3039116-S3G5
1500,22,1502,2/11/2020,delivered,QX8856737-K8G1
1500,9,1502,2/6/2020,bounce,LO5935375-K7L6
1500,9,1502,4/1/2020,delivered,YI4339270-D8V0
1500,15,1502,2/29/2020,delivered,IR4467443-T4Z4
1500,15,1502,1/20/2020,delivered,QJ7964281-J3Q4
1500,22,1502,1/13/2020,bounce,UR6804720-K3T1
1500,9,1502,2/11/2020,delivered,KV6027495-H9E7
1500,9,1502,4/11/2020,delivered,SF7332024-G1G1
1500,9,1502,1/7/2020,delivered,PC8369005-R5D6
1500,9,1502,3/24/2020,delivered,XA0675657-M7G5
1500,22,1502,3/28/2020,delivered,KT5591782-C3R6
1500,15,1502,1/20/2020,delivered,MU8097297-H2Q0
1500,15,1502,3/9/2020,delivered,CA0342481-Z0Q0
1500,9,1502,4/19/2020,delivered,MZ5324389-U2C2
1500,15,1502,4/9/2020,delivered,XD0797338-P5J3
1500,15,1502,2/18/2020,delivered,OD4655711-K1T8
1500,9,1502,3/8/2020,delivered,GW4067400-W1S7
1500,9,1502,3/16/2020,delivered,VY1182369-I1A5
1500,9,1502,4/1/2020,delivered,VN6531888-K2B8
1500,9,1502,1/22/2020,delivered,NI2341664-G0S3
1500,9,1502,3/11/2020,delivered,YI6700308-I2B1
1500,9,1502,4/1/2020,delivered,NU4765240-C8E4
1500,15,1502,3/16/2020,delivered,BL4803247-D0J4
1500,22,1502,1/13/2020,delivered,BF0801092-B7J4
1500,9,1502,3/31/2020,delivered,ZQ1915179-C6T7
1500,22,1502,1/18/2020,delivered,AL6300041-R8A4
1500,22,1502,3/20/2020,delivered,RW7609141-N2L6
1500,9,1502,2/6/2020,delivered,NX0067154-D2K0
1500,22,1502,1/18/2020,delivered,YC8151524-Q4Z8
1500,22,1502,1/11/2020,delivered,EC4404024-C2Y4
1500,22,1502,1/19/2020,delivered,XP5542598-W0M8
1500,22,1502,3/20/2020,delivered,ZI2880478-K6A0
1500,9,1502,2/25/2020,delivered,II7919114-Q5C0
1500,22,1502,3/7/2020,delivered,SE6958715-W6F5
1500,9,1502,1/2/2020,delivered,WI5355319-E2W4
1500,9,1502,4/19/2020,delivered,JA6788662-R5E8
1500,9,1502,1/4/2020,delivered,ZL2088276-R0A4
1500,22,1502,1/30/2020,delivered,BC8896170-X6G4
1500,15,1502,2/5/2020,delivered,OU3353212-H3U2
1500,15,1502,3/31/2020,failed,JD3526371-T5Y1
1500,22,1502,3/29/2020,delivered,GL5149729-G2U2
1500,15,1502,1/17/2020,delivered,JL4099851-E8S6
1500,22,1502,3/30/2020,delivered,EX9575695-A4T1
1500,15,1502,2/12/2020,delivered,PJ1961486-S2U5
1500,9,1502,3/7/2020,delivered,UA2807363-V1A0
1500,22,1502,1/8/2020,delivered,LO9027980-N7I8
1500,9,1502,1/26/2020,bounce,NK3237581-X6Y7
1500,22,1502,2/29/2020,delivered,RY2496677-P1A1
1500,9,1502,1/25/2020,delivered,RI7948530-P5L9
1500,15,1502,4/19/2020,delivered,JZ4300503-Y1U1
1500,22,1502,3/14/2020,delivered,TQ6591857-D6L1
1500,22,1502,2/1/2020,bounce,XF6280248-F9V6
1500,15,1502,1/7/2020,delivered,PK0495508-T9A0
1500,22,1502,1/7/2020,delivered,BQ9345019-K0K4
1500,22,1502,4/22/2020,delivered,LK2266091-M9Z1
1500,15,1502,2/4/2020,delivered,DG3798386-S5N1
1500,15,1502,2/5/2020,delivered,MQ1317546-Z1U0
1500,9,1502,1/5/2020,delivered,DE4647082-O6W9
1500,15,1502,1/6/2020,delivered,AT4989409-V1W3
1500,9,1502,3/31/2020,delivered,ZC9575363-Z5J5
1500,22,1502,4/2/2020,delivered,AQ3058500-Q9C4
1500,22,1502,1/16/2020,delivered,OZ6945462-B1D6
1500,9,1502,2/2/2020,delivered,DX4259640-R6N2
1500,9,1502,3/15/2020,delivered,DX3968403-H1T9
1500,9,1502,2/25/2020,delivered,CY7813169-G9E8
1500,22,1502,3/13/2020,delivered,SE7993535-G4X8
1500,22,1502,3/11/2020,delivered,TH4499880-F5Z3
1500,15,1502,1/31/2020,delivered,XX0321125-P5I9
1500,9,1502,4/22/2020,delivered,UJ2419342-P4T3
1500,15,1502,2/15/2020,delivered,NU7858742-G8F3
1500,9,1502,3/30/2020,failed,FO7643987-V7C5
1500,9,1502,2/5/2020,delivered,LS0106995-T2A6
1500,15,1502,1/13/2020,delivered,DQ5343902-R3M2
1500,22,1502,4/2/2020,failed,CA3527816-V7T6
1500,9,1502,2/4/2020,bounce,NA4636631-U3R0
1500,9,1502,4/19/2020,delivered,UZ2615796-V7I4
1500,15,1502,3/11/2020,failed,ZB5128694-G2Z9
1500,22,1502,3/26/2020,delivered,KP6669416-J8N4
1500,15,1502,1/17/2020,delivered,QL8064437-H2B6
1500,22,1502,3/12/2020,delivered,ED0467260-W4Y8
1500,15,1502,1/16/2020,delivered,YO1833822-V4M5
1500,22,1502,2/7/2020,delivered,OC2209264-T6N8
1500,15,1502,3/1/2020,delivered,YJ4232299-V6G4
1500,15,1502,4/11/2020,delivered,ID4258450-T0I2
1500,15,1502,4/5/2020,delivered,GD5585131-K5O5
1500,22,1502,3/26/2020,bounce,DK7465278-W6B1
1500,9,1502,4/17/2020,delivered,FU1486841-H0I6
1500,15,1502,4/13/2020,delivered,TP1319772-G7F3
1500,15,1502,2/25/2020,delivered,VR9680343-H4D6
1500,15,1502,3/29/2020,delivered,YH3893820-S0A1
1500,22,1502,2/17/2020,failed,LG5899445-Z9J9
1500,22,1502,3/27/2020,delivered,WG4366923-P9P4
1500,15,1502,1/31/2020,delivered,OZ1404789-A3N4
1500,22,1502,1/19/2020,delivered,SQ2560958-Z9A0
1500,9,1502,3/12/2020,delivered,MT6745100-U4H2
1500,9,1502,2/6/2020,delivered,OO7605551-U3A0
1500,22,1502,3/21/2020,delivered,AA4804920-N9R0
1500,15,1502,2/21/2020,failed,RC1908968-R5M9
1500,22,1502,3/2/2020,delivered,EN7184582-F6R2
1500,15,1502,2/16/2020,delivered,NF8030844-W5X4
1500,22,1502,1/24/2020,delivered,QC8074400-R3B9
1500,22,1502,2/25/2020,delivered,AH4373931-H2V3
1500,15,1502,3/2/2020,delivered,XL7854322-I0E0
1500,22,1502,3/31/2020,delivered,BZ3845434-M3Z4
1500,22,1502,4/10/2020,delivered,DD1965895-U7Z8
1500,9,1502,4/13/2020,delivered,EA3017944-J5Q4
1500,9,1502,1/9/2020,bounce,HL3895623-C3V0
1500,9,1502,2/16/2020,delivered,KR2178068-J3Q6
1500,22,1502,1/23/2020,delivered,WA0450838-I0K9
1500,9,1502,3/28/2020,delivered,OQ7706237-B1Q6
1500,9,1502,3/5/2020,delivered,GH3193631-D1Z4
1500,15,1502,1/29/2020,delivered,SR0976827-T7B6
1500,15,1502,2/13/2020,delivered,WC8208197-D8C9
1500,15,1502,3/28/2020,delivered,ZU5611248-V0J8
1500,9,1502,1/17/2020,delivered,CX6459425-A0H9
1500,22,1502,2/17/2020,delivered,YR0984430-E3P1
1500,9,1502,1/30/2020,delivered,SA4975376-E3T8
1500,9,1502,4/7/2020,delivered,TT2255889-L3X5
1500,22,1502,2/14/2020,delivered,UD2001847-T6A8
1500,22,1502,4/21/2020,delivered,YF1996647-I8O5
1500,22,1502,3/15/2020,bounce,QH9041192-F2T1
1500,15,1502,4/21/2020,delivered,DX8266715-E4E5
1500,15,1502,2/23/2020,delivered,KH6103590-G8Y4
1500,15,1502,1/23/2020,delivered,DE1121711-K5X9
1500,9,1502,4/4/2020,delivered,IY7369573-M9J0
1500,9,1502,1/11/2020,delivered,SW6152273-N3Q0
1500,15,1502,2/28/2020,failed,SI6297578-D9E7
1500,22,1502,1/17/2020,delivered,HE2730314-O3V8
1500,22,1502,3/10/2020,delivered,IB3173122-H0O4
1500,15,1502,2/7/2020,delivered,SH8805180-A3V8
1500,9,1502,1/3/2020,delivered,AP7379365-T2P7
1500,22,1502,2/19/2020,failed,NU5628459-S4E7
1500,15,1502,4/19/2020,delivered,EF8480745-P0K5
1500,9,1502,2/6/2020,delivered,EP5036552-G5Q8
1500,9,1502,1/11/2020,bounce,PK9573094-Z6E4
1500,15,1502,3/4/2020,delivered,XA2904557-K6P5
1500,9,1502,4/11/2020,failed,IJ0604777-M3Y0
1500,22,1502,2/12/2020,delivered,UI4614909-J6M2
1500,15,1502,4/22/2020,delivered,YR8935590-F1R9
1500,9,1502,2/21/2020,bounce,XN7446963-T3A9
1500,22,1502,1/31/2020,delivered,ZY4475140-C7T7
1500,9,1502,4/4/2020,delivered,VN6880867-A0T2
1500,15,1502,3/25/2020,delivered,ES6475811-H8Q9
1500,22,1502,2/18/2020,delivered,FU8405423-A8I2
1500,15,1502,2/23/2020,delivered,EJ2402081-J7Z7
1500,22,1502,3/24/2020,failed,UG9914464-T8A1
1500,15,1502,2/1/2020,bounce,AH7374436-F5X7
1500,9,1502,4/17/2020,delivered,CC8096993-I8D5
1500,15,1502,1/17/2020,delivered,PY8202297-I0A7
1500,15,1502,3/17/2020,failed,QY1041127-A8D7
1500,15,1502,1/24/2020,delivered,VD6773906-I5Y6
1500,9,1502,2/16/2020,delivered,QV2868294-O6W6
1500,22,1502,2/26/2020,delivered,NC8054484-Z5S9
1500,9,1502,1/27/2020,delivered,PG4882657-V1R7
1500,22,1502,1/26/2020,delivered,XC9629275-L6J5
1500,22,1502,1/5/2020,delivered,IR6166792-O4C4
1500,15,1502,3/8/2020,delivered,XU2962403-J8X5
1500,22,1502,1/25/2020,delivered,TS3111722-F2E0
1500,9,1502,3/8/2020,delivered,ZU7084855-D4I0
1500,22,1502,4/2/2020,bounce,NJ7436796-G0J1
1500,15,1502,3/7/2020,delivered,HS2817230-C2D2
1500,9,1502,3/11/2020,delivered,LA9162630-W1B9
1500,15,1502,2/7/2020,delivered,NQ6894244-P2U9
1500,22,1502,3/21/2020,bounce,UZ4371368-U4B6
1500,15,1502,3/26/2020,delivered,KB5576525-Y0K1
1500,15,1502,1/25/2020,delivered,MQ8769464-A5G0
1500,15,1502,4/21/2020,bounce,FI7825472-H1N1
1500,9,1502,1/20/2020,delivered,AA0099666-W2F7
1500,15,1502,1/8/2020,delivered,BI7631827-Z0S9
1500,9,1502,4/3/2020,delivered,HT2868773-B2R7
1500,15,1502,1/18/2020,bounce,KJ4344757-R9V7
1500,9,1502,1/2/2020,delivered,KY6189261-Y6H5
1500,9,1502,1/31/2020,delivered,JO9928348-S2E9
1500,9,1502,1/25/2020,delivered,LA6717912-O6L6
1500,22,1502,1/28/2020,delivered,OF6145078-Q2B4
1500,9,1502,3/29/2020,delivered,TR1600333-H0Z1
1500,22,1502,1/21/2020,bounce,QE8479712-S1K1
1500,22,1502,3/23/2020,bounce,YT3470110-K1D7
1500,9,1502,1/23/2020,delivered,KP2685935-W0O5
1500,15,1502,1/12/2020,delivered,YA7564496-N3A0
1500,15,1502,2/13/2020,delivered,MC5684356-D7R3
1500,22,1502,2/9/2020,delivered,IJ4124421-S9M4
1500,9,1502,1/21/2020,bounce,LA0479273-F0U4
1500,9,1502,2/12/2020,delivered,CS8338812-Z5C1
1500,22,1502,4/21/2020,delivered,WK2474555-J0N7
1500,22,1502,2/26/2020,delivered,QW9519116-W4R8
1500,9,1502,2/7/2020,delivered,AE8375548-I1X9
1500,9,1502,4/8/2020,delivered,WN3891064-C0B3
1500,9,1502,2/23/2020,delivered,SP1901335-E3E6
1500,9,1502,1/31/2020,delivered,DH0251156-E1Z2
1500,22,1502,4/12/2020,delivered,YE1483749-E8C9
1500,22,1502,1/18/2020,delivered,GC5506215-O2D1
1500,15,1502,1/28/2020,delivered,BD5726509-E5L2
1500,9,1502,4/1/2020,delivered,CZ0813039-Z9U4
1500,15,1502,1/26/2020,delivered,QB8780130-R8A0
1500,15,1502,2/3/2020,delivered,KF6754828-X4O7
1500,15,1502,2/7/2020,delivered,IS7519339-O2U4
1500,9,1502,3/6/2020,delivered,CJ5615543-V8L7
1500,9,1502,2/16/2020,delivered,BD2093242-E8O6
1500,9,1502,2/17/2020,delivered,CE2601193-V9F8
1500,15,1502,4/15/2020,delivered,QK6206510-D2N0
1500,22,1502,3/3/2020,delivered,AC5354369-H9L2
1500,9,1502,4/5/2020,delivered,IJ6546922-K3U8
1500,9,1502,3/30/2020,delivered,HO2736895-R5W8
1500,15,1502,3/15/2020,delivered,FN6636732-B5T2
1500,22,1502,3/5/2020,delivered,UR0550581-X5T5
1500,22,1502,4/16/2020,delivered,PZ1885513-E1R0
1500,22,1502,3/4/2020,delivered,YN0260546-L3F1
1500,15,1502,1/28/2020,delivered,MZ9672752-C7T0
1500,9,1502,4/2/2020,delivered,KC5026139-P2X9
1500,22,1502,3/28/2020,delivered,JW2459624-Y0Z5
1500,22,1502,1/8/2020,delivered,SM5084795-Q4Y3
1500,22,1502,1/28/2020,delivered,VG7094706-N6A5
1500,22,1502,3/2/2020,delivered,BT3111980-D3S7
1500,9,1502,2/8/2020,delivered,BL3010028-U8M9
1500,9,1502,3/4/2020,delivered,TO3930156-X9M9
1500,22,1502,3/25/2020,delivered,GZ6577802-W2A9
1500,22,1502,1/7/2020,delivered,UV7372398-P3H7
1500,9,1502,1/30/2020,delivered,HG5106291-E8A2
1500,15,1502,4/16/2020,delivered,HV7125501-R7D4
1500,15,1502,2/9/2020,delivered,OR7799226-D7R8
1500,9,1502,1/13/2020,delivered,WI8225551-D1I1
1500,9,1502,4/17/2020,delivered,DS2788976-C2Q7
1500,9,1502,3/10/2020,delivered,EC1707513-N6Q9
1500,22,1502,1/9/2020,delivered,QX4944349-C2X4
1500,22,1502,3/28/2020,delivered,YK5855938-T3O5
1500,15,1502,1/17/2020,delivered,FM9919437-C3O9
1500,15,1502,2/18/2020,delivered,WF9075051-J0P5
1500,22,1502,1/26/2020,delivered,FF1444412-R8N7
1500,15,1502,1/20/2020,delivered,OG2604481-J0V3
1500,22,1502,1/18/2020,bounce,JR0065081-X1L1
1500,22,1502,2/28/2020,delivered,EW8352770-I1J7
1500,22,1502,3/22/2020,bounce,AX7571541-W2V7
1500,9,1502,3/7/2020,bounce,ZS2566965-F6W4
1500,9,1502,4/8/2020,delivered,ZQ7385833-D3Z1
1500,15,1502,2/17/2020,delivered,NS4745925-V9W5
1500,15,1502,4/5/2020,delivered,HL8020632-P3J7
1500,22,1502,3/8/2020,delivered,VN2992950-D1H7
1500,22,1502,2/6/2020,bounce,RJ3144751-A3E9
1500,15,1502,3/4/2020,delivered,FT1047108-P7L2
1500,9,1502,4/20/2020,delivered,MT0926332-I1Q2
1500,9,1502,3/12/2020,delivered,AQ6212857-T3G4
1500,22,1502,3/19/2020,delivered,ML3545815-O3U2
1500,22,1502,4/15/2020,delivered,NH1787994-N6B6
1500,22,1502,3/18/2020,delivered,DA3494547-Z4H9
1500,9,1502,2/23/2020,delivered,CN4203298-L7D5
1500,22,1502,4/15/2020,failed,LH8836883-X5F9
1500,9,1502,1/25/2020,delivered,UD9247529-I0Q2
1500,15,1502,4/1/2020,delivered,IP8963086-E0C6
1500,15,1502,2/13/2020,delivered,YT7079943-F3X6
1500,9,1502,3/24/2020,delivered,WJ9188102-S9A1
1500,22,1502,1/13/2020,delivered,NK4668286-W1G2
1500,22,1502,1/27/2020,delivered,VN0221650-J1X4
1500,15,1502,1/21/2020,delivered,XF7794526-T4N7
1500,22,1502,4/16/2020,delivered,KY7936974-X2O0
1500,15,1502,3/18/2020,bounce,BK1361607-E1D7
1500,22,1502,4/11/2020,delivered,VS0377737-J5N1
1500,15,1502,2/20/2020,delivered,MO1595241-V9J7
1500,9,1502,1/4/2020,bounce,VD6876975-K5U7
1500,15,1502,4/18/2020,delivered,DT7609216-P9Q2
1500,15,1502,4/12/2020,delivered,YF5990872-M7J3
1500,15,1502,3/18/2020,delivered,CA1774380-W5F1
1500,15,1502,3/2/2020,delivered,UH5839401-D7R7
1500,15,1502,3/9/2020,bounce,II6938247-Z4S1
1500,22,1502,1/20/2020,delivered,TC9262024-W8B3
1500,9,1502,1/13/2020,delivered,TH7729851-Q8M8
1500,22,1502,1/2/2020,bounce,KC9308263-X5Y7
1500,9,1502,2/13/2020,delivered,JT7286148-I8V8
1500,15,1502,1/21/2020,delivered,RH7102338-V6L5
1500,15,1502,1/10/2020,delivered,EV5026923-B6S3
1500,9,1502,1/30/2020,delivered,VA3493207-L5O6
1500,22,1502,3/24/2020,delivered,XK4659965-F8B2
1500,15,1502,3/3/2020,delivered,QP3120887-Y8U1
1500,22,1502,4/22/2020,delivered,ZG5587574-D0F3
1500,15,1502,2/10/2020,delivered,YP8579620-K7J0
1500,22,1502,2/12/2020,delivered,SW7729615-X4L2
1500,9,1502,1/2/2020,delivered,YQ0859844-L2D5
1500,22,1502,4/11/2020,failed,TL8719272-P1W4
1500,15,1502,1/20/2020,delivered,OO0566765-F6F2
1500,22,1502,4/13/2020,delivered,CW1676822-R4A9
1500,22,1502,2/1/2020,delivered,JX6990242-B5F3
1500,9,1502,4/21/2020,delivered,HD9879594-Q0L2
1500,9,1502,1/7/2020,delivered,JQ4382461-V5N8
1500,9,1502,3/8/2020,delivered,CB4970960-I2V8
1500,9,1502,1/1/2020,delivered,CV6842432-Z7Z4
1500,15,1502,3/7/2020,delivered,YE0986488-R7A9
1500,9,1502,3/1/2020,delivered,ZY2911942-W1N3
1500,22,1502,3/27/2020,delivered,AF8177644-D7Z6
1500,15,1502,1/20/2020,delivered,PQ2363962-A4Z9
1500,22,1502,3/13/2020,delivered,PW0022449-R2I9
1500,15,1502,2/1/2020,delivered,CH6565443-N8L7
1500,15,1502,2/22/2020,delivered,ML0121959-N6G5
1500,22,1502,2/15/2020,delivered,PO0497742-H8N9
1500,9,1502,3/7/2020,delivered,KI2417903-Y7P3
1500,9,1502,2/16/2020,delivered,GF0763189-J1I8
1500,15,1502,1/19/2020,delivered,XU3017713-D2Q7
1500,15,1502,2/1/2020,failed,RX4566291-G4C8
1500,15,1502,4/12/2020,delivered,DW2945354-D6F0
1500,22,1502,2/16/2020,delivered,IY9034285-B4V0
1500,22,1502,2/2/2020,delivered,SW8833190-C5S0
1500,9,1502,3/23/2020,delivered,DG5017935-M8P4
1500,22,1502,2/18/2020,delivered,FU3623332-B7J2
1500,9,1502,2/18/2020,delivered,CN3010922-K0C1
1500,15,1502,1/8/2020,delivered,QM4803741-J7O8
1500,15,1502,3/20/2020,delivered,FF3748990-D2B0
1500,9,1502,1/5/2020,failed,ZR4726450-F3R2
1500,15,1502,1/19/2020,failed,KH3198712-I7X5
1500,22,1502,3/27/2020,delivered,PA4221591-Q0Y5
1500,15,1502,4/21/2020,delivered,WC8144299-K7I6
1500,22,1502,1/16/2020,delivered,FL8897014-T3R8
1500,9,1502,3/27/2020,delivered,XK1559606-T2B2
1500,9,1502,3/19/2020,delivered,RY4384406-A3W2
1500,22,1502,2/22/2020,delivered,AU7528158-I3F5
1500,15,1502,3/31/2020,delivered,OH8312186-M0O0
1500,9,1502,1/29/2020,delivered,UD9703310-F9J9
1500,22,1502,1/26/2020,delivered,ZL8822849-U6D0
1500,22,1502,3/7/2020,delivered,RN6219425-V2Y5
1500,15,1502,3/16/2020,delivered,MX4745412-F5H1
1500,9,1502,3/15/2020,delivered,CR7768440-G4Q7
1500,22,1502,2/24/2020,delivered,CW0965091-W2T3
1500,15,1502,2/1/2020,delivered,JR8177170-H2M2
1500,15,1502,1/12/2020,delivered,DQ1827494-S3U7
1500,22,1502,2/21/2020,delivered,NQ9543912-P8V5
1500,22,1502,3/8/2020,delivered,ZV0544295-A7O9
1500,15,1502,4/7/2020,delivered,FW6737167-W0K9
1500,9,1502,4/15/2020,delivered,TO9779446-G3E9
1500,15,1502,1/11/2020,failed,ZX7597462-R2N7
1500,9,1502,1/15/2020,delivered,GC7916948-E3H6
1500,15,1502,2/7/2020,delivered,SC1556936-B5K1
1500,22,1502,1/19/2020,delivered,UT2331731-E5R4
1500,9,1502,2/13/2020,delivered,PF2810784-R1W3
1500,22,1502,1/30/2020,delivered,GW6454821-I9W1
1500,22,1502,2/16/2020,delivered,JF1479937-J5N7
1500,22,1502,2/14/2020,delivered,PP5104818-N4J9
1500,9,1502,1/27/2020,delivered,MG3398688-O1Y7
1500,15,1502,1/23/2020,delivered,RZ6563517-D9E9
1500,15,1502,4/16/2020,delivered,NG1986812-E7R0
1500,15,1502,1/24/2020,delivered,PU9699297-R4W5
1500,9,1502,2/2/2020,delivered,GA0522090-O2D6
1500,9,1502,3/22/2020,delivered,MC8508023-V8O7
1500,22,1502,4/7/2020,failed,WR3113878-W3F9
1500,22,1502,1/19/2020,bounce,ZX0412121-X4D0
1500,9,1502,2/5/2020,delivered,DQ1096102-S8Y0
1500,9,1502,2/22/2020,delivered,VT3826916-M4V0
1500,15,1502,4/3/2020,delivered,DR5292412-H9Y1
1500,9,1502,4/16/2020,delivered,YF0177616-O5R7
1500,15,1502,2/29/2020,delivered,DI1619103-W2E3
1500,22,1502,4/13/2020,delivered,ZP8963954-S8C2
1500,22,1502,2/10/2020,bounce,FQ4188163-W8Z9
1500,22,1502,2/6/2020,delivered,CW2673964-N7J9
1500,22,1502,3/21/2020,delivered,OZ7974318-K3M7
1500,15,1502,1/22/2020,delivered,BM2344022-B1U7
1500,22,1502,3/1/2020,delivered,GI8544722-E9W4
1500,22,1502,2/11/2020,failed,KJ6632860-N1Q7
1500,22,1502,3/21/2020,delivered,SQ9104127-J7N5
1500,9,1502,2/6/2020,delivered,YH7577313-N6T8
1500,22,1502,4/19/2020,delivered,OU4348310-M5P2
1500,9,1502,3/30/2020,delivered,CZ4371637-A0J0
1500,22,1502,1/13/2020,delivered,BT4071240-B3D7
1500,22,1502,1/1/2020,bounce,UE5224338-Z0K7
1500,22,1502,3/14/2020,delivered,RK8107648-L8O3
1500,22,1502,4/1/2020,delivered,AB5262748-X3Z5
1500,15,1502,1/22/2020,delivered,YK6647309-J9L5
1500,15,1502,1/13/2020,delivered,PQ9400701-Z8V8
1500,9,1502,1/26/2020,delivered,PJ5101584-G3X5
1500,9,1502,3/11/2020,delivered,XW6214188-Q3R0
1500,15,1502,1/16/2020,delivered,WB3822148-J5K7
1500,22,1502,3/7/2020,delivered,AN2184699-K9I1
1500,9,1502,3/20/2020,delivered,YG2045221-L0V9
1500,22,1502,4/7/2020,bounce,OP7579633-W6C3
1500,22,1502,2/26/2020,delivered,EX8550104-C5L5
1500,9,1502,1/9/2020,delivered,KG5089220-Y7B5
1500,15,1502,3/16/2020,delivered,HC2396855-M4X2
1500,22,1502,3/1/2020,delivered,YV7430069-E0Z3
1500,9,1502,1/7/2020,delivered,KN9010641-G4X2
1500,9,1502,3/10/2020,delivered,AQ9309270-N9G9
1500,15,1502,4/10/2020,delivered,DW0814108-G9S7
1500,15,1502,2/20/2020,delivered,ZF1691635-N8Z1
1500,22,1502,4/2/2020,delivered,FC4992493-R1E8
1500,9,1502,2/17/2020,delivered,YI3465990-Y5C2
1500,15,1502,3/12/2020,delivered,KP5871813-L0N0
1500,15,1502,1/14/2020,delivered,XY0646892-Q7L9
1500,22,1502,3/23/2020,delivered,LU0172577-U6R2
1500,9,1502,3/21/2020,delivered,RG4594526-V6C9
1500,22,1502,1/23/2020,delivered,MR2663725-Q5S2
1500,22,1502,4/12/2020,delivered,ZC3640056-X3F0
1500,22,1502,4/6/2020,delivered,CR4246376-F1V2
1500,22,1502,2/4/2020,delivered,ZR9731259-W7N2
1500,9,1502,3/28/2020,delivered,PC8892225-V9E8
1500,9,1502,1/31/2020,delivered,FR3486424-F9D1
1500,9,1502,2/11/2020,delivered,UY9079650-F4C2
1500,9,1502,3/26/2020,delivered,GY6466231-O8E5
1500,9,1502,2/21/2020,delivered,FU7150844-G8N2
1500,9,1502,2/8/2020,delivered,OG3441039-H1P8
1500,22,1502,1/31/2020,delivered,NJ0440817-W2O2
1500,9,1502,3/11/2020,delivered,JN3801923-O4D1
1500,15,1502,1/8/2020,delivered,GP0688435-Y5S9
1500,9,1502,3/20/2020,delivered,TO4951084-B2A9
1500,9,1502,4/14/2020,delivered,AG9030232-M6W5
1500,22,1502,1/30/2020,delivered,AG6937804-P3U6
1500,9,1502,4/9/2020,delivered,TJ0883249-I5T3
1500,22,1502,1/15/2020,delivered,TF4782915-F2Q3
1500,15,1502,1/6/2020,delivered,CP4570292-S1V2
1500,9,1502,1/6/2020,delivered,ZT9954966-S5C2
1500,9,1502,3/4/2020,delivered,QO5737571-Y3T1
1500,22,1502,1/26/2020,failed,EB4201981-S4Q9
1500,22,1502,3/7/2020,delivered,JB8304954-F6F8
1500,15,1502,1/16/2020,delivered,ME1793441-F1V0
1500,15,1502,3/15/2020,delivered,IZ4222216-T4I1
1500,9,1502,1/14/2020,delivered,LG1862725-S4F9
1500,15,1502,3/5/2020,bounce,KB6354975-Y2V8
1500,15,1502,3/5/2020,bounce,EK0577315-Z4Y9
1500,22,1502,2/24/2020,failed,AJ5943405-B0K4
1500,9,1502,1/31/2020,delivered,FI3690012-Z1C9
1500,15,1502,2/16/2020,delivered,DY1461765-W9O8
1500,15,1502,1/7/2020,delivered,IY0086083-W2U2
1500,15,1502,3/14/2020,delivered,MH0100906-P4C4
1500,15,1502,4/8/2020,delivered,MM8871369-W1H1
1500,9,1502,1/3/2020,delivered,SZ2368807-K8C2
1500,9,1502,4/13/2020,delivered,OH3930080-E2R5
1500,9,1502,1/1/2020,delivered,ZK1339496-G3Q8
1500,15,1502,4/5/2020,delivered,US0177410-V5O3
1500,22,1502,2/13/2020,delivered,UQ1544308-H1V0
1500,9,1502,2/18/2020,delivered,WP9823670-N3C4
1500,15,1502,4/15/2020,failed,WO8172142-J4P4
1500,15,1502,3/20/2020,delivered,WT3095340-E0G5
1500,9,1502,1/6/2020,delivered,HI1312636-V1D7
1500,15,1502,1/7/2020,delivered,ZA7692597-J4O8
1500,15,1502,2/2/2020,delivered,DB6459706-O8G4
1500,22,1502,3/28/2020,delivered,KQ6187719-P0E0
1500,9,1502,4/4/2020,delivered,TR3651181-S6V3
1500,22,1502,3/3/2020,delivered,FB7491728-X7O9
1500,22,1502,3/13/2020,bounce,AV7934090-O8H8
1500,22,1502,2/20/2020,delivered,HV3436235-C4B5
1500,22,1502,3/24/2020,bounce,GS2569306-I0R0
1500,15,1502,1/21/2020,delivered,JL4612115-X2F2
1500,15,1502,1/25/2020,bounce,PI0706917-X4L0
1500,15,1502,1/24/2020,delivered,PE9415417-B1X5
1500,22,1502,2/29/2020,delivered,SY9386253-M3I5
1500,9,1502,1/22/2020,delivered,HX0691914-J6L5
1500,22,1502,3/10/2020,delivered,JJ5903009-C7G0
1500,22,1502,4/12/2020,delivered,OM9077857-W6L8
1500,22,1502,4/10/2020,delivered,UP0902471-N0I8
1500,9,1502,3/12/2020,delivered,CM7253013-J2P7
1500,9,1502,3/10/2020,delivered,FQ4871060-Z9K9
1500,9,1502,3/3/2020,delivered,UR9511303-I1O5
1500,9,1502,1/30/2020,delivered,BE9613540-I8H7
1500,15,1502,4/6/2020,delivered,DY1343966-T1F3
1500,22,1502,3/30/2020,delivered,CZ1236691-T0R3
1500,9,1502,3/27/2020,delivered,QF6650937-T6K6
1500,15,1502,4/20/2020,failed,OD7982935-Y3N9
1500,22,1502,1/19/2020,delivered,KH9926281-R0W5
1500,22,1502,4/13/2020,delivered,OH4382900-B1N1
1500,15,1502,3/19/2020,delivered,GR8502660-A9W5
1500,9,1502,4/14/2020,delivered,XX6940899-K4F7
1500,9,1502,3/12/2020,delivered,UL6474251-L0I5
1500,22,1502,3/17/2020,delivered,GO3673388-Q5X0
1500,9,1502,2/18/2020,delivered,CN3516119-P5P5
1500,9,1502,4/16/2020,delivered,GB2206323-N2G1
1500,15,1502,1/24/2020,delivered,UA0686096-X5P5
1500,15,1502,4/10/2020,delivered,RF0278178-J6G6
1500,9,1502,1/27/2020,delivered,UQ4145713-S4U3
1500,9,1502,1/28/2020,delivered,IC5417173-X4O1
1500,22,1502,2/22/2020,delivered,HK6736736-I3N5
1500,15,1502,2/8/2020,delivered,AB8048373-K9D1
1500,9,1502,1/26/2020,delivered,AD7107431-J2V8
1500,9,1502,4/21/2020,delivered,RZ5254655-R6T2
1500,22,1502,3/26/2020,delivered,JQ3875961-U4T6
1500,9,1502,3/31/2020,delivered,TN3146132-E3H5
1500,15,1502,2/2/2020,delivered,PJ7784997-V0H6
1500,22,1502,2/22/2020,failed,XR7947747-U4Y5
1500,15,1502,3/5/2020,delivered,MP7610323-X4A3
1500,15,1502,1/4/2020,delivered,SU8973332-C4C9
1500,22,1502,2/12/2020,delivered,KC7331051-B7K8
1500,15,1502,2/10/2020,delivered,IF0402390-F9Y8
1500,15,1502,1/31/2020,delivered,AC3798581-N7R3
1500,9,1502,1/13/2020,delivered,MN9784987-K4R2
1500,9,1502,1/10/2020,delivered,QE8098334-U4A2
1500,22,1502,3/25/2020,delivered,WR1291470-W5N9
1500,15,1502,1/28/2020,delivered,LK4667471-Q3G7
1500,22,1502,3/26/2020,delivered,EM5137242-S7A2
1500,9,1502,2/8/2020,bounce,CN8976482-W8A0
1500,22,1502,4/1/2020,delivered,HI7066022-X1X8
1500,22,1502,2/26/2020,delivered,VU7608047-E9B9
1500,22,1502,2/17/2020,delivered,VT0581309-J0N4
1500,15,1502,2/4/2020,delivered,TM5150327-G6B2
1500,22,1502,1/26/2020,delivered,WW9166124-W9I1
1500,15,1502,4/19/2020,delivered,WA5364753-N8W1
1500,15,1502,3/23/2020,delivered,AW4520610-M3B9
1500,9,1502,3/8/2020,delivered,HX1299877-K0M5
1500,9,1502,3/23/2020,delivered,HU1220094-S1G5
1500,22,1502,2/17/2020,delivered,PJ9816703-S9E5
1500,22,1502,3/14/2020,bounce,EV4408915-E0Z8
1500,9,1502,4/14/2020,delivered,YU8210083-J8O3
1500,22,1502,2/27/2020,delivered,AS0774617-S9M9
1500,22,1502,3/18/2020,delivered,WB8514635-D7K8
1500,9,1502,1/14/2020,delivered,KY3917927-C4R5
1500,22,1502,2/25/2020,delivered,ZM8268133-D1P3
1500,9,1502,4/11/2020,delivered,YC9614105-B5R6
1500,15,1502,3/11/2020,delivered,HO4188826-O1X8
1500,9,1502,4/8/2020,delivered,MO6317362-N6O1
1500,15,1502,1/12/2020,failed,SG7479863-C7M5
1500,22,1502,1/4/2020,failed,QP0046578-L0G9
1500,9,1502,1/12/2020,delivered,TC0328126-C1C4
1500,9,1502,3/8/2020,delivered,ZU4754200-S0J6
1500,22,1502,1/26/2020,delivered,EK5798311-Z0Z0
1500,22,1502,1/9/2020,delivered,RP4274567-R8A7
1500,9,1502,2/5/2020,delivered,NS6764319-T1W7
1500,9,1502,4/15/2020,delivered,BN9194742-I0A4
1500,9,1502,3/9/2020,delivered,QN2354851-S2N1
1500,9,1502,2/10/2020,delivered,JW1415673-H8U9
1500,15,1502,1/11/2020,bounce,RF1731448-O9X5
1500,22,1502,3/6/2020,delivered,RK1623806-A4I3
1500,22,1502,3/4/2020,delivered,JS8275597-J5B1
1500,9,1502,2/27/2020,delivered,CX4082621-Y6E5
1500,9,1502,2/6/2020,delivered,LV6722908-M5J1
1500,22,1502,3/8/2020,delivered,OA9016544-L8Q7
1500,15,1502,3/2/2020,delivered,QH4235531-U5M1
1500,22,1502,1/16/2020,delivered,CW2694712-V9L4
1500,22,1502,2/18/2020,delivered,VH5845576-O3F0
1500,15,1502,4/22/2020,delivered,AI7022359-X4H0
1500,15,1502,2/25/2020,delivered,UA7095094-R9O4
1500,15,1502,3/13/2020,bounce,JA8476457-R3U9
1500,15,1502,1/19/2020,delivered,CW0314318-W2P2
1500,9,1502,2/1/2020,delivered,IG5777239-D6N7
1500,15,1502,3/1/2020,delivered,LB1001634-G9O0
1500,15,1502,3/13/2020,delivered,KN8871798-S7C1
1500,22,1502,1/5/2020,delivered,ZQ3278980-N1T8
1500,15,1502,2/20/2020,delivered,OQ2169940-B3G4
1500,9,1502,4/15/2020,delivered,HY7533652-S6H1
1500,15,1502,3/4/2020,delivered,HW7638604-F4F2
1500,22,1502,4/13/2020,delivered,LM5965248-G0D4
1500,22,1502,4/11/2020,failed,FB8759483-N1U9
1500,22,1502,4/17/2020,delivered,KE4597726-Q3F0
1500,9,1502,3/1/2020,delivered,WX8201480-J9Q2
1500,9,1502,2/18/2020,delivered,XS8733296-I7O4
1500,9,1502,3/4/2020,delivered,EF5514787-V3Y4
1500,15,1502,2/5/2020,delivered,CC6745656-Z4F9
1500,22,1502,4/8/2020,failed,IH1481013-G1Q6
1500,9,1502,3/17/2020,delivered,QR6380588-S4U3
1500,9,1502,4/10/2020,delivered,DJ9556244-E3Z9
1500,22,1502,4/14/2020,delivered,UT4187589-E0B9
1500,9,1502,1/2/2020,delivered,XA0325093-C8J0
1500,15,1502,4/3/2020,delivered,BW8228422-L8B2
1500,9,1502,4/11/2020,failed,YW0320415-D3O9
1500,9,1502,2/22/2020,delivered,EK9931553-C8P6
1500,22,1502,1/2/2020,delivered,PQ6967398-S9Y6
1500,22,1502,3/6/2020,delivered,KP5296568-R3H1
1500,22,1502,4/3/2020,bounce,AP8522492-T6S3
1500,9,1502,1/31/2020,delivered,UE2265559-N8R6
1500,15,1502,1/2/2020,delivered,WM3810258-I2C6
1500,9,1502,4/12/2020,bounce,WH1882502-R9E2
1500,15,1502,1/19/2020,delivered,JR3243835-N7V4
1500,22,1502,1/7/2020,delivered,EI8018855-E1R5
1500,9,1502,3/15/2020,delivered,QU9551147-W2B4
1500,22,1502,2/5/2020,delivered,MC5528576-L8N4
1500,15,1502,2/12/2020,delivered,IF2107267-R6W0
1500,15,1502,2/20/2020,delivered,HL5300604-J3K2
1500,15,1502,3/1/2020,delivered,NG7027952-H1K7
1500,15,1502,1/20/2020,delivered,KO3223520-K6J5
1500,22,1502,3/13/2020,delivered,TN3966345-Y5Q6
1500,9,1502,2/26/2020,delivered,BJ6056831-J0Q6
1500,22,1502,1/5/2020,delivered,JF7039118-F1X3
1500,9,1502,4/5/2020,delivered,QI2788148-J8L8
1500,9,1502,4/13/2020,delivered,IV0828526-U3K1
1500,9,1502,1/3/2020,delivered,JW8747319-O1I8
1500,22,1502,3/15/2020,delivered,XI5262131-E4Q4
1500,9,1502,4/19/2020,delivered,KI1125921-H2K5
1500,22,1502,1/4/2020,delivered,JK6767372-Q3T0
1500,22,1502,1/6/2020,delivered,RV7294146-D6Q1
1500,22,1502,1/30/2020,delivered,ND7710700-W3V1
1500,15,1502,3/12/2020,failed,BN5437896-G5W5
1500,22,1502,4/19/2020,delivered,YF9223034-O3W6
1500,9,1502,2/19/2020,delivered,RA6329068-U1G8
1500,15,1502,1/30/2020,delivered,MV8651459-B8L9
1500,15,1502,1/25/2020,delivered,DV3993057-A7L3
1500,22,1502,3/24/2020,delivered,YG5277219-B4Q4
